{"0.01": [0.0035842293906810036, 0.0039426523297491035, 0.005734767025089606, 0.011469534050179211, 0.021863799283154125, 0.048387096774193554, 0.06415770609318996, 0.110752688172043, 0.13620071684587814, 0.18422939068100358, 0.1956989247311828, 0.22652329749103944, 0.24695340501792112, 0.2652329749103942, 0.2849462365591398, 0.3010752688172043, 0.3204301075268817, 0.33297491039426524, 0.3541218637992831, 0.3641577060931899], "0.05": [0.0035842293906810036, 0.007168458781362007, 0.037992831541218644, 0.13369175627240143, 0.25268817204301075, 0.4172043010752688, 0.47383512544802875, 0.5716845878136201, 0.6014336917562725, 0.6566308243727598, 0.6713261648745519, 0.7365591397849462, 0.7655913978494624, 0.792831541218638, 0.8118279569892473, 0.8279569892473118, 0.8437275985663082, 0.8516129032258064, 0.867383512544803, 0.8691756272401433], "0.1": [0.0035842293906810036, 0.015412186379928316, 0.2028673835125448, 0.424731182795699, 0.5831541218637992, 0.717562724014337, 0.7580645161290323, 0.8096774193548386, 0.832258064516129, 0.8713261648745518, 0.8831541218637993, 0.9053763440860216, 0.9125448028673835, 0.9232974910394265, 0.9326164874551971, 0.9419354838709678, 0.9465949820788531, 0.9508960573476702, 0.9602150537634409, 0.960931899641577], "0.5": [0.0035842293906810036, 0.3845878136200717, 0.8709677419354838, 0.9387096774193548, 0.9659498207885304, 0.978494623655914, 0.9827956989247312, 0.9896057347670251, 0.9903225806451612, 0.9953405017921148, 0.9956989247311828, 0.9978494623655914, 0.9982078853046594, 0.9982078853046594, 0.9985663082437275, 0.9992831541218639, 0.9992831541218639, 0.9992831541218639, 0.9992831541218639, 0.9992831541218639], "1.0": [0.0035842293906810036, 0.7275985663082436, 0.982078853046595, 0.992831541218638, 0.992831541218638, 0.992831541218638, 0.992831541218638, 0.992831541218638, 0.992831541218638, 1.0, 1.0, 1.0, 1.0, 1.0, 1.0, 1.0, 1.0, 1.0, 1.0, 1.0]}